{"cameraMode":{"drawMode":0,"name":"Shaded","section":"Shading Mode"},"sceneLighting":true,"audioPlay":false,"sceneViewState":{"m_AlwaysRefresh":false,"showFog":true,"showSkybox":true,"showFlares":true,"showImageEffects":true,"showParticleSystems":true,"showVisualEffectGraphs":true,"m_FxEnabled":true},"in2DMode":false,"pivot":{"x":0.4503905773162842,"y":-0.2551751136779785,"z":-3.603996753692627},"rotation":{"x":-0.19289575517177583,"y":0.1077861487865448,"z":-0.021323617547750474,"w":-0.9750511050224304},"size":3.2633352279663088,"orthographic":false}